1,La meute,Description de la meute,
2,Hiérarchie,Description de la hiérarchie,1
3,Anatomie,Description de l'anatomie,1
4,Habitat,Description de l'habitat,
5,Pourquoi hurle t-il ??,Description sur les hurlements,
6,Légendes & Mythes,Description des légendes et mythes,
7,Les vikings & les loups,Description sur les vikings et les loups,
8,Que mange t-il ??,Description sur la nourriture,
9,Films & reportages,Description des films et reportages,
10,Livres & contines,Description des livres et contines,
11,Chiens qui ressemblent au loup,Description des chiens ressemblant au loup,
12,Découverte scientifique sur les loups,Description des découvertes scientifiques,
13,Préhistoire,Description de la préhistoire,
14,Combien y a t-il de race de loup,Description des races de loups,
15,Le loup & la France,Description du loup en France,
16,Pays protecteurs,Description des pays protecteurs,
17,Faits amusants sur les loups,Description des faits amusants,
18,Actualités,Description des actualités,
19,Interprétations des rêves de loups,Description des rêves de loups,